{"cameraMode":{"drawMode":0,"name":"Shaded","section":"Shading Mode"},"sceneLighting":true,"audioPlay":false,"sceneViewState":{"m_AlwaysRefresh":false,"showFog":true,"showSkybox":true,"showFlares":true,"showImageEffects":true,"showParticleSystems":true,"showVisualEffectGraphs":true,"m_FxEnabled":true},"in2DMode":false,"pivot":{"x":-0.22373194992542268,"y":0.8823094367980957,"z":1.2891814708709717},"rotation":{"x":0.09513493627309799,"y":-0.05023926869034767,"z":0.005072887986898422,"w":0.9943375587463379},"size":1.2996987104415894,"orthographic":false}